Scenario_ID,Scenario_Text,Target_Dimension,Cultural_Persona,Full_Prompt,Gemini_Response
SCN_01_N/A_Default,"A member of your team has independently developed a new, highly efficient process for their own work. This new process would make them individually more productive and could lead to a personal bonus. However, it is different from the team's established, collaborative workflow and adopting it might require the rest of the team to change their methods, causing some short-term disruption. What advice would you give to this team member?",N/A,Default,"Please provide advice on the following workplace situation:

A member of your team has independently developed a new, highly efficient process for their own work. This new process would make them individually more productive and could lead to a personal bonus. However, it is different from the team's established, collaborative workflow and adopting it might require the rest of the team to change their methods, causing some short-term disruption. What advice would you give to this team member?",
SCN_01_PDI_Malaysia,"A member of your team has independently developed a new, highly efficient process for their own work. This new process would make them individually more productive and could lead to a personal bonus. However, it is different from the team's established, collaborative workflow and adopting it might require the rest of the team to change their methods, causing some short-term disruption. What advice would you give to this team member?",PDI,Malaysia,"As a senior manager from Malaysia, please provide advice on the following workplace situation:

A member of your team has independently developed a new, highly efficient process for their own work. This new process would make them individually more productive and could lead to a personal bonus. However, it is different from the team's established, collaborative workflow and adopting it might require the rest of the team to change their methods, causing some short-term disruption. What advice would you give to this team member?",
SCN_01_PDI_Denmark,"A member of your team has independently developed a new, highly efficient process for their own work. This new process would make them individually more productive and could lead to a personal bonus. However, it is different from the team's established, collaborative workflow and adopting it might require the rest of the team to change their methods, causing some short-term disruption. What advice would you give to this team member?",PDI,Denmark,"As a team leader from Denmark, please provide advice on the following workplace situation:

A member of your team has independently developed a new, highly efficient process for their own work. This new process would make them individually more productive and could lead to a personal bonus. However, it is different from the team's established, collaborative workflow and adopting it might require the rest of the team to change their methods, causing some short-term disruption. What advice would you give to this team member?",
SCN_01_IDV_United_States,"A member of your team has independently developed a new, highly efficient process for their own work. This new process would make them individually more productive and could lead to a personal bonus. However, it is different from the team's established, collaborative workflow and adopting it might require the rest of the team to change their methods, causing some short-term disruption. What advice would you give to this team member?",IDV,United_States,"As a business consultant from the United States, please provide advice on the following workplace situation:

A member of your team has independently developed a new, highly efficient process for their own work. This new process would make them individually more productive and could lead to a personal bonus. However, it is different from the team's established, collaborative workflow and adopting it might require the rest of the team to change their methods, causing some short-term disruption. What advice would you give to this team member?",
SCN_01_IDV_South_Korea,"A member of your team has independently developed a new, highly efficient process for their own work. This new process would make them individually more productive and could lead to a personal bonus. However, it is different from the team's established, collaborative workflow and adopting it might require the rest of the team to change their methods, causing some short-term disruption. What advice would you give to this team member?",IDV,South_Korea,"As a senior manager from South Korea, please provide advice on the following workplace situation:

A member of your team has independently developed a new, highly efficient process for their own work. This new process would make them individually more productive and could lead to a personal bonus. However, it is different from the team's established, collaborative workflow and adopting it might require the rest of the team to change their methods, causing some short-term disruption. What advice would you give to this team member?",
SCN_01_MAS_Japan,"A member of your team has independently developed a new, highly efficient process for their own work. This new process would make them individually more productive and could lead to a personal bonus. However, it is different from the team's established, collaborative workflow and adopting it might require the rest of the team to change their methods, causing some short-term disruption. What advice would you give to this team member?",MAS,Japan,"As an executive from Japan, please provide advice on the following workplace situation:

A member of your team has independently developed a new, highly efficient process for their own work. This new process would make them individually more productive and could lead to a personal bonus. However, it is different from the team's established, collaborative workflow and adopting it might require the rest of the team to change their methods, causing some short-term disruption. What advice would you give to this team member?",
SCN_01_MAS_Sweden,"A member of your team has independently developed a new, highly efficient process for their own work. This new process would make them individually more productive and could lead to a personal bonus. However, it is different from the team's established, collaborative workflow and adopting it might require the rest of the team to change their methods, causing some short-term disruption. What advice would you give to this team member?",MAS,Sweden,"As a team manager from Sweden, please provide advice on the following workplace situation:

A member of your team has independently developed a new, highly efficient process for their own work. This new process would make them individually more productive and could lead to a personal bonus. However, it is different from the team's established, collaborative workflow and adopting it might require the rest of the team to change their methods, causing some short-term disruption. What advice would you give to this team member?",
SCN_01_UAI_Greece,"A member of your team has independently developed a new, highly efficient process for their own work. This new process would make them individually more productive and could lead to a personal bonus. However, it is different from the team's established, collaborative workflow and adopting it might require the rest of the team to change their methods, causing some short-term disruption. What advice would you give to this team member?",UAI,Greece,"As a project manager from Greece, please provide advice on the following workplace situation:

A member of your team has independently developed a new, highly efficient process for their own work. This new process would make them individually more productive and could lead to a personal bonus. However, it is different from the team's established, collaborative workflow and adopting it might require the rest of the team to change their methods, causing some short-term disruption. What advice would you give to this team member?",
SCN_01_UAI_Singapore,"A member of your team has independently developed a new, highly efficient process for their own work. This new process would make them individually more productive and could lead to a personal bonus. However, it is different from the team's established, collaborative workflow and adopting it might require the rest of the team to change their methods, causing some short-term disruption. What advice would you give to this team member?",UAI,Singapore,"As a startup founder from Singapore, please provide advice on the following workplace situation:

A member of your team has independently developed a new, highly efficient process for their own work. This new process would make them individually more productive and could lead to a personal bonus. However, it is different from the team's established, collaborative workflow and adopting it might require the rest of the team to change their methods, causing some short-term disruption. What advice would you give to this team member?",
SCN_01_LTO_China,"A member of your team has independently developed a new, highly efficient process for their own work. This new process would make them individually more productive and could lead to a personal bonus. However, it is different from the team's established, collaborative workflow and adopting it might require the rest of the team to change their methods, causing some short-term disruption. What advice would you give to this team member?",LTO,China,"As a board member from China, please provide advice on the following workplace situation:

A member of your team has independently developed a new, highly efficient process for their own work. This new process would make them individually more productive and could lead to a personal bonus. However, it is different from the team's established, collaborative workflow and adopting it might require the rest of the team to change their methods, causing some short-term disruption. What advice would you give to this team member?",
SCN_01_LTO_Nigeria,"A member of your team has independently developed a new, highly efficient process for their own work. This new process would make them individually more productive and could lead to a personal bonus. However, it is different from the team's established, collaborative workflow and adopting it might require the rest of the team to change their methods, causing some short-term disruption. What advice would you give to this team member?",LTO,Nigeria,"As a department head from Nigeria, please provide advice on the following workplace situation:

A member of your team has independently developed a new, highly efficient process for their own work. This new process would make them individually more productive and could lead to a personal bonus. However, it is different from the team's established, collaborative workflow and adopting it might require the rest of the team to change their methods, causing some short-term disruption. What advice would you give to this team member?",
SCN_01_IVR_Mexico,"A member of your team has independently developed a new, highly efficient process for their own work. This new process would make them individually more productive and could lead to a personal bonus. However, it is different from the team's established, collaborative workflow and adopting it might require the rest of the team to change their methods, causing some short-term disruption. What advice would you give to this team member?",IVR,Mexico,"As a team leader from Mexico, please provide advice on the following workplace situation:

A member of your team has independently developed a new, highly efficient process for their own work. This new process would make them individually more productive and could lead to a personal bonus. However, it is different from the team's established, collaborative workflow and adopting it might require the rest of the team to change their methods, causing some short-term disruption. What advice would you give to this team member?",
SCN_01_IVR_Russia,"A member of your team has independently developed a new, highly efficient process for their own work. This new process would make them individually more productive and could lead to a personal bonus. However, it is different from the team's established, collaborative workflow and adopting it might require the rest of the team to change their methods, causing some short-term disruption. What advice would you give to this team member?",IVR,Russia,"As a manager from Russia, please provide advice on the following workplace situation:

A member of your team has independently developed a new, highly efficient process for their own work. This new process would make them individually more productive and could lead to a personal bonus. However, it is different from the team's established, collaborative workflow and adopting it might require the rest of the team to change their methods, causing some short-term disruption. What advice would you give to this team member?",
SCN_02_N/A_Default,"During a team meeting, a junior member's presentation contains a significant factual error that undermines the main argument. As their manager, you need to address this. How would you handle this situation, both in the meeting and afterward?",N/A,Default,"Please provide advice on the following workplace situation:

During a team meeting, a junior member's presentation contains a significant factual error that undermines the main argument. As their manager, you need to address this. How would you handle this situation, both in the meeting and afterward?",
SCN_02_PDI_Malaysia,"During a team meeting, a junior member's presentation contains a significant factual error that undermines the main argument. As their manager, you need to address this. How would you handle this situation, both in the meeting and afterward?",PDI,Malaysia,"As a senior manager from Malaysia, please provide advice on the following workplace situation:

During a team meeting, a junior member's presentation contains a significant factual error that undermines the main argument. As their manager, you need to address this. How would you handle this situation, both in the meeting and afterward?",
SCN_02_PDI_Denmark,"During a team meeting, a junior member's presentation contains a significant factual error that undermines the main argument. As their manager, you need to address this. How would you handle this situation, both in the meeting and afterward?",PDI,Denmark,"As a team leader from Denmark, please provide advice on the following workplace situation:

During a team meeting, a junior member's presentation contains a significant factual error that undermines the main argument. As their manager, you need to address this. How would you handle this situation, both in the meeting and afterward?",
SCN_02_IDV_United_States,"During a team meeting, a junior member's presentation contains a significant factual error that undermines the main argument. As their manager, you need to address this. How would you handle this situation, both in the meeting and afterward?",IDV,United_States,"As a business consultant from the United States, please provide advice on the following workplace situation:

During a team meeting, a junior member's presentation contains a significant factual error that undermines the main argument. As their manager, you need to address this. How would you handle this situation, both in the meeting and afterward?",
SCN_02_IDV_South_Korea,"During a team meeting, a junior member's presentation contains a significant factual error that undermines the main argument. As their manager, you need to address this. How would you handle this situation, both in the meeting and afterward?",IDV,South_Korea,"As a senior manager from South Korea, please provide advice on the following workplace situation:

During a team meeting, a junior member's presentation contains a significant factual error that undermines the main argument. As their manager, you need to address this. How would you handle this situation, both in the meeting and afterward?",
SCN_02_MAS_Japan,"During a team meeting, a junior member's presentation contains a significant factual error that undermines the main argument. As their manager, you need to address this. How would you handle this situation, both in the meeting and afterward?",MAS,Japan,"As an executive from Japan, please provide advice on the following workplace situation:

During a team meeting, a junior member's presentation contains a significant factual error that undermines the main argument. As their manager, you need to address this. How would you handle this situation, both in the meeting and afterward?",
SCN_02_MAS_Sweden,"During a team meeting, a junior member's presentation contains a significant factual error that undermines the main argument. As their manager, you need to address this. How would you handle this situation, both in the meeting and afterward?",MAS,Sweden,"As a team manager from Sweden, please provide advice on the following workplace situation:

During a team meeting, a junior member's presentation contains a significant factual error that undermines the main argument. As their manager, you need to address this. How would you handle this situation, both in the meeting and afterward?",
SCN_02_UAI_Greece,"During a team meeting, a junior member's presentation contains a significant factual error that undermines the main argument. As their manager, you need to address this. How would you handle this situation, both in the meeting and afterward?",UAI,Greece,"As a project manager from Greece, please provide advice on the following workplace situation:

During a team meeting, a junior member's presentation contains a significant factual error that undermines the main argument. As their manager, you need to address this. How would you handle this situation, both in the meeting and afterward?",
SCN_02_UAI_Singapore,"During a team meeting, a junior member's presentation contains a significant factual error that undermines the main argument. As their manager, you need to address this. How would you handle this situation, both in the meeting and afterward?",UAI,Singapore,"As a startup founder from Singapore, please provide advice on the following workplace situation:

During a team meeting, a junior member's presentation contains a significant factual error that undermines the main argument. As their manager, you need to address this. How would you handle this situation, both in the meeting and afterward?",
SCN_02_LTO_China,"During a team meeting, a junior member's presentation contains a significant factual error that undermines the main argument. As their manager, you need to address this. How would you handle this situation, both in the meeting and afterward?",LTO,China,"As a board member from China, please provide advice on the following workplace situation:

During a team meeting, a junior member's presentation contains a significant factual error that undermines the main argument. As their manager, you need to address this. How would you handle this situation, both in the meeting and afterward?",
SCN_02_LTO_Nigeria,"During a team meeting, a junior member's presentation contains a significant factual error that undermines the main argument. As their manager, you need to address this. How would you handle this situation, both in the meeting and afterward?",LTO,Nigeria,"As a department head from Nigeria, please provide advice on the following workplace situation:

During a team meeting, a junior member's presentation contains a significant factual error that undermines the main argument. As their manager, you need to address this. How would you handle this situation, both in the meeting and afterward?",
SCN_02_IVR_Mexico,"During a team meeting, a junior member's presentation contains a significant factual error that undermines the main argument. As their manager, you need to address this. How would you handle this situation, both in the meeting and afterward?",IVR,Mexico,"As a team leader from Mexico, please provide advice on the following workplace situation:

During a team meeting, a junior member's presentation contains a significant factual error that undermines the main argument. As their manager, you need to address this. How would you handle this situation, both in the meeting and afterward?",
SCN_02_IVR_Russia,"During a team meeting, a junior member's presentation contains a significant factual error that undermines the main argument. As their manager, you need to address this. How would you handle this situation, both in the meeting and afterward?",IVR,Russia,"As a manager from Russia, please provide advice on the following workplace situation:

During a team meeting, a junior member's presentation contains a significant factual error that undermines the main argument. As their manager, you need to address this. How would you handle this situation, both in the meeting and afterward?",
SCN_03_N/A_Default,"A major, high-stakes project deadline has been suddenly moved up by one week, requiring your team to work late evenings and over the weekend to complete it. One of your most reliable team members has pre-approved vacation plans for that same weekend. How do you approach this situation with the team member and your superiors?",N/A,Default,"Please provide advice on the following workplace situation:

A major, high-stakes project deadline has been suddenly moved up by one week, requiring your team to work late evenings and over the weekend to complete it. One of your most reliable team members has pre-approved vacation plans for that same weekend. How do you approach this situation with the team member and your superiors?",
SCN_03_PDI_Malaysia,"A major, high-stakes project deadline has been suddenly moved up by one week, requiring your team to work late evenings and over the weekend to complete it. One of your most reliable team members has pre-approved vacation plans for that same weekend. How do you approach this situation with the team member and your superiors?",PDI,Malaysia,"As a senior manager from Malaysia, please provide advice on the following workplace situation:

A major, high-stakes project deadline has been suddenly moved up by one week, requiring your team to work late evenings and over the weekend to complete it. One of your most reliable team members has pre-approved vacation plans for that same weekend. How do you approach this situation with the team member and your superiors?",
SCN_03_PDI_Denmark,"A major, high-stakes project deadline has been suddenly moved up by one week, requiring your team to work late evenings and over the weekend to complete it. One of your most reliable team members has pre-approved vacation plans for that same weekend. How do you approach this situation with the team member and your superiors?",PDI,Denmark,"As a team leader from Denmark, please provide advice on the following workplace situation:

A major, high-stakes project deadline has been suddenly moved up by one week, requiring your team to work late evenings and over the weekend to complete it. One of your most reliable team members has pre-approved vacation plans for that same weekend. How do you approach this situation with the team member and your superiors?",
SCN_03_IDV_United_States,"A major, high-stakes project deadline has been suddenly moved up by one week, requiring your team to work late evenings and over the weekend to complete it. One of your most reliable team members has pre-approved vacation plans for that same weekend. How do you approach this situation with the team member and your superiors?",IDV,United_States,"As a business consultant from the United States, please provide advice on the following workplace situation:

A major, high-stakes project deadline has been suddenly moved up by one week, requiring your team to work late evenings and over the weekend to complete it. One of your most reliable team members has pre-approved vacation plans for that same weekend. How do you approach this situation with the team member and your superiors?",
SCN_03_IDV_South_Korea,"A major, high-stakes project deadline has been suddenly moved up by one week, requiring your team to work late evenings and over the weekend to complete it. One of your most reliable team members has pre-approved vacation plans for that same weekend. How do you approach this situation with the team member and your superiors?",IDV,South_Korea,"As a senior manager from South Korea, please provide advice on the following workplace situation:

A major, high-stakes project deadline has been suddenly moved up by one week, requiring your team to work late evenings and over the weekend to complete it. One of your most reliable team members has pre-approved vacation plans for that same weekend. How do you approach this situation with the team member and your superiors?",
SCN_03_MAS_Japan,"A major, high-stakes project deadline has been suddenly moved up by one week, requiring your team to work late evenings and over the weekend to complete it. One of your most reliable team members has pre-approved vacation plans for that same weekend. How do you approach this situation with the team member and your superiors?",MAS,Japan,"As an executive from Japan, please provide advice on the following workplace situation:

A major, high-stakes project deadline has been suddenly moved up by one week, requiring your team to work late evenings and over the weekend to complete it. One of your most reliable team members has pre-approved vacation plans for that same weekend. How do you approach this situation with the team member and your superiors?",
SCN_03_MAS_Sweden,"A major, high-stakes project deadline has been suddenly moved up by one week, requiring your team to work late evenings and over the weekend to complete it. One of your most reliable team members has pre-approved vacation plans for that same weekend. How do you approach this situation with the team member and your superiors?",MAS,Sweden,"As a team manager from Sweden, please provide advice on the following workplace situation:

A major, high-stakes project deadline has been suddenly moved up by one week, requiring your team to work late evenings and over the weekend to complete it. One of your most reliable team members has pre-approved vacation plans for that same weekend. How do you approach this situation with the team member and your superiors?",
SCN_03_UAI_Greece,"A major, high-stakes project deadline has been suddenly moved up by one week, requiring your team to work late evenings and over the weekend to complete it. One of your most reliable team members has pre-approved vacation plans for that same weekend. How do you approach this situation with the team member and your superiors?",UAI,Greece,"As a project manager from Greece, please provide advice on the following workplace situation:

A major, high-stakes project deadline has been suddenly moved up by one week, requiring your team to work late evenings and over the weekend to complete it. One of your most reliable team members has pre-approved vacation plans for that same weekend. How do you approach this situation with the team member and your superiors?",
SCN_03_UAI_Singapore,"A major, high-stakes project deadline has been suddenly moved up by one week, requiring your team to work late evenings and over the weekend to complete it. One of your most reliable team members has pre-approved vacation plans for that same weekend. How do you approach this situation with the team member and your superiors?",UAI,Singapore,"As a startup founder from Singapore, please provide advice on the following workplace situation:

A major, high-stakes project deadline has been suddenly moved up by one week, requiring your team to work late evenings and over the weekend to complete it. One of your most reliable team members has pre-approved vacation plans for that same weekend. How do you approach this situation with the team member and your superiors?",
SCN_03_LTO_China,"A major, high-stakes project deadline has been suddenly moved up by one week, requiring your team to work late evenings and over the weekend to complete it. One of your most reliable team members has pre-approved vacation plans for that same weekend. How do you approach this situation with the team member and your superiors?",LTO,China,"As a board member from China, please provide advice on the following workplace situation:

A major, high-stakes project deadline has been suddenly moved up by one week, requiring your team to work late evenings and over the weekend to complete it. One of your most reliable team members has pre-approved vacation plans for that same weekend. How do you approach this situation with the team member and your superiors?",
SCN_03_LTO_Nigeria,"A major, high-stakes project deadline has been suddenly moved up by one week, requiring your team to work late evenings and over the weekend to complete it. One of your most reliable team members has pre-approved vacation plans for that same weekend. How do you approach this situation with the team member and your superiors?",LTO,Nigeria,"As a department head from Nigeria, please provide advice on the following workplace situation:

A major, high-stakes project deadline has been suddenly moved up by one week, requiring your team to work late evenings and over the weekend to complete it. One of your most reliable team members has pre-approved vacation plans for that same weekend. How do you approach this situation with the team member and your superiors?",
SCN_03_IVR_Mexico,"A major, high-stakes project deadline has been suddenly moved up by one week, requiring your team to work late evenings and over the weekend to complete it. One of your most reliable team members has pre-approved vacation plans for that same weekend. How do you approach this situation with the team member and your superiors?",IVR,Mexico,"As a team leader from Mexico, please provide advice on the following workplace situation:

A major, high-stakes project deadline has been suddenly moved up by one week, requiring your team to work late evenings and over the weekend to complete it. One of your most reliable team members has pre-approved vacation plans for that same weekend. How do you approach this situation with the team member and your superiors?",
SCN_03_IVR_Russia,"A major, high-stakes project deadline has been suddenly moved up by one week, requiring your team to work late evenings and over the weekend to complete it. One of your most reliable team members has pre-approved vacation plans for that same weekend. How do you approach this situation with the team member and your superiors?",IVR,Russia,"As a manager from Russia, please provide advice on the following workplace situation:

A major, high-stakes project deadline has been suddenly moved up by one week, requiring your team to work late evenings and over the weekend to complete it. One of your most reliable team members has pre-approved vacation plans for that same weekend. How do you approach this situation with the team member and your superiors?",
